customer_id,customer_name,email,city,region,segment,signup_date,processing_timestamp
C0001,Arjun Sharma,arjun.sharma1@example.com,Bhopal,Central,Home Office,2024-03-06,2026-07-21T13:08:31
C0002,Meera Gupta,meera.gupta2@example.com,Pune,West,Consumer,2025-07-18,2026-07-21T13:08:31
C0003,Arjun Jain,arjun.jain3@example.com,Lucknow,North,Consumer,2025-04-22,2026-07-21T13:08:31
C0005,Kavya Gupta,kavya.gupta5@example.com,Delhi,North,Home Office,2024-11-12,2026-07-21T13:08:31
C0006,Aarav Jain,aarav.jain6@example.com,Chandigarh,North,Consumer,2025-09-18,2026-07-21T13:08:31
C0007,Zoya Kapoor,zoya.kapoor7@example.com,Lucknow,North,Consumer,2024-03-03,2026-07-21T13:08:31
C0009,Saanvi Patel,saanvi.patel9@example.com,Lucknow,North,Corporate,2024-05-27,2026-07-21T13:08:31
C0010,Kavya Patel,kavya.patel10@example.com,Mumbai,West,Consumer,2024-03-09,2026-07-21T13:08:31
C0011,Rohan Verma,rohan.verma11@example.com,Delhi,North,Corporate,2025-01-19,2026-07-21T13:08:31
C0012,Riya Sharma,nikhil.sharma12@example.com,Hyderabad,South,Home Office,2025-12-13,2026-07-21T13:08:31
C0013,Zoya Verma,zoya.verma13@example.com,Kolkata,East,Corporate,2025-06-21,2026-07-21T13:08:31
C0014,Zoya Singh,zoya.singh14@example.com,Delhi,North,Home Office,2025-07-09,2026-07-21T13:08:31
C0015,Riya Saxena,riya.saxena15@example.com,Chandigarh,North,Consumer,2025-06-07,2026-07-21T13:08:31
C0016,Ananya Sharma,ananya.sharma16@example.com,Lucknow,North,Home Office,2025-07-27,2026-07-21T13:08:31
C0017,Priya Verma,priya.verma17@example.com,Bengaluru,South,Consumer,2025-01-09,2026-07-21T13:08:31
C0018,Rohan Singh,rohan.singh18@example.com,Delhi,North,Corporate,2024-04-03,2026-07-21T13:08:31
C0019,Riya Mehta,riya.mehta19@example.com,Bhopal,Central,Corporate,2025-09-05,2026-07-21T13:08:31
C0020,Kavya Singh,kavya.singh20@example.com,Hyderabad,South,Home Office,2024-11-24,2026-07-21T13:08:31
C0021,Ananya Saxena,ananya.saxena21@example.com,Bhopal,Central,Home Office,2024-12-31,2026-07-21T13:08:31
C0022,Zoya Gupta,zoya.gupta22@example.com,Mumbai,West,Consumer,2024-09-27,2026-07-21T13:08:31
C0023,Rohan Singh,rohan.singh23@example.com,Kolkata,East,Home Office,2024-05-13,2026-07-21T13:08:31
C0024,Zoya Gupta,zoya.gupta24@example.com,Lucknow,North,Home Office,2025-11-07,2026-07-21T13:08:31
C0025,Aditi Gupta,aditi.gupta25@example.com,Hyderabad,South,Consumer,2025-07-24,2026-07-21T13:08:31
C0026,Rohan Singh,rohan.singh26@example.com,Hyderabad,South,Consumer,2025-04-15,2026-07-21T13:08:31
C0027,Rahul Gupta,rahul.gupta27@example.com,Bengaluru,South,Home Office,2024-10-20,2026-07-21T13:08:31
C0028,Rohan Joshi,rohan.joshi28@example.com,Kolkata,East,Consumer,2025-08-23,2026-07-21T13:08:31
C0029,Diya Gupta,diya.gupta29@example.com,Pune,West,Home Office,2025-02-02,2026-07-21T13:08:31
C0030,Zoya Singh,zoya.singh30@example.com,Ahmedabad,West,Home Office,2024-11-19,2026-07-21T13:08:31
C0031,Saanvi Saxena,saanvi.saxena31@example.com,Chandigarh,North,Corporate,2024-11-24,2026-07-21T13:08:31
C0032,Meera Mehta,meera.mehta32@example.com,Hyderabad,South,Home Office,2024-06-14,2026-07-21T13:08:31
C0033,Ananya Sharma,ananya.sharma33@example.com,Kolkata,East,Consumer,2024-03-08,2026-07-21T13:08:31
C0034,Ishaan Kapoor,ishaan.kapoor34@example.com,Mumbai,West,Home Office,2025-02-08,2026-07-21T13:08:31
C0035,Rohan Kapoor,rohan.kapoor35@example.com,Delhi,North,Home Office,2025-10-10,2026-07-21T13:08:31
C0036,Yash Singh,yash.singh36@example.com,Kolkata,East,Home Office,2024-02-16,2026-07-21T13:08:31
C0037,Arjun Jain,arjun.jain37@example.com,Jaipur,North,Corporate,2025-09-18,2026-07-21T13:08:31
C0038,Rahul Verma,rahul.verma38@example.com,Bhopal,Central,Corporate,2025-08-27,2026-07-21T13:08:31
C0039,Ishaan Joshi,ishaan.joshi39@example.com,Chennai,South,Consumer,2024-07-21,2026-07-21T13:08:31
C0040,Nikhil Jain,nikhil.jain40@example.com,Lucknow,North,Consumer,2025-04-06,2026-07-21T13:08:31
C0041,Arjun Singh,arjun.singh41@example.com,Ahmedabad,West,Home Office,2024-04-30,2026-07-21T13:08:31
C0042,Kavya Mehta,kavya.mehta42@example.com,Ahmedabad,West,Corporate,2025-07-07,2026-07-21T13:08:31
C0043,Zoya Jain,zoya.jain43@example.com,Mumbai,West,Consumer,2025-05-26,2026-07-21T13:08:31
C0044,Rahul Joshi,rahul.joshi44@example.com,Chandigarh,North,Consumer,2024-09-15,2026-07-21T13:08:31
C0045,Riya Singh,riya.singh45@example.com,Delhi,North,Consumer,2024-02-19,2026-07-21T13:08:31
C0046,Meera Saxena,meera.saxena46@example.com,Jaipur,North,Consumer,2025-12-09,2026-07-21T13:08:31
C0047,Varun Verma,varun.verma47@example.com,Delhi,North,Home Office,2024-11-21,2026-07-21T13:08:31
C0048,Diya Joshi,diya.joshi48@example.com,Mumbai,West,Home Office,2025-10-13,2026-07-21T13:08:31
C0049,Nikhil Jain,nikhil.jain49@example.com,Mumbai,West,Home Office,2025-05-09,2026-07-21T13:08:31
C0050,Kavya Jain,kavya.jain50@example.com,Chennai,South,Home Office,2025-07-22,2026-07-21T13:08:31
C0051,Kavya Singh,kavya.singh51@example.com,Lucknow,North,Corporate,2025-07-08,2026-07-21T13:08:31
C0052,Riya Joshi,riya.joshi52@example.com,Bhopal,Central,Home Office,2024-05-22,2026-07-21T13:08:31
C0053,Arjun Gupta,arjun.gupta53@example.com,Kolkata,East,Consumer,2024-09-22,2026-07-21T13:08:31
C0054,Rahul Sharma,rahul.sharma54@example.com,Delhi,North,Home Office,2024-12-06,2026-07-21T13:08:31
C0055,Meera Saxena,meera.saxena55@example.com,Ahmedabad,West,Consumer,2024-12-29,2026-07-21T13:08:31
C0056,Ananya Sharma,ananya.sharma56@example.com,Jaipur,North,Consumer,2024-02-01,2026-07-21T13:08:31
C0057,Aditi Patel,aditi.patel57@example.com,Delhi,North,Consumer,2025-02-02,2026-07-21T13:08:31
C0058,Meera Singh,meera.singh58@example.com,Ahmedabad,West,Home Office,2024-04-22,2026-07-21T13:08:31
C0059,Kavya Jain,kavya.jain59@example.com,Kolkata,East,Consumer,2025-06-26,2026-07-21T13:08:31
C0060,Varun Gupta,varun.gupta60@example.com,Lucknow,North,Corporate,2025-05-13,2026-07-21T13:08:31
C0061,Kavya Verma,kavya.verma61@example.com,Chennai,South,Consumer,2025-11-04,2026-07-21T13:08:31
C0062,Saanvi Patel,saanvi.patel62@example.com,Bhopal,Central,Corporate,2025-06-27,2026-07-21T13:08:31
C0063,Tanvi Sharma,tanvi.sharma63@example.com,Chennai,South,Home Office,2024-09-24,2026-07-21T13:08:31
C0064,Arjun Sharma,arjun.sharma64@example.com,Bhopal,Central,Corporate,2025-12-07,2026-07-21T13:08:31
C0065,Rahul Verma,rahul.verma65@example.com,Lucknow,North,Consumer,2024-10-26,2026-07-21T13:08:31
C0066,Kavya Jain,kavya.jain66@example.com,Bengaluru,South,Corporate,2024-08-25,2026-07-21T13:08:31
C0067,Saanvi Mehta,saanvi.mehta67@example.com,Mumbai,West,Corporate,2025-10-23,2026-07-21T13:08:31
C0068,Meera Verma,meera.verma68@example.com,Kolkata,East,Corporate,2024-09-27,2026-07-21T13:08:31
C0069,Arjun Sharma,arjun.sharma69@example.com,Ahmedabad,West,Home Office,2024-02-25,2026-07-21T13:08:31
C0070,Aarav Verma,aarav.verma70@example.com,Ahmedabad,West,Consumer,2024-12-08,2026-07-21T13:08:31
C0071,Saanvi Joshi,saanvi.joshi71@example.com,Mumbai,West,Corporate,2025-08-03,2026-07-21T13:08:31
C0072,Rohan Sharma,rohan.sharma72@example.com,Bengaluru,South,Consumer,2024-05-18,2026-07-21T13:08:31
C0073,Aarav Kapoor,aarav.kapoor73@example.com,Chennai,South,Corporate,2024-12-03,2026-07-21T13:08:31
C0074,Priya Kapoor,priya.kapoor74@example.com,Kolkata,East,Home Office,2024-04-04,2026-07-21T13:08:31
C0075,Zoya Joshi,zoya.joshi75@example.com,Lucknow,North,Consumer,2025-05-16,2026-07-21T13:08:31
C0076,Priya Gupta,priya.gupta76@example.com,Bengaluru,South,Consumer,2024-12-13,2026-07-21T13:08:31
C0077,Zoya Sharma,zoya.sharma77@example.com,Chandigarh,North,Home Office,2024-08-29,2026-07-21T13:08:31
C0078,Aditi Sharma,aditi.sharma78@example.com,Hyderabad,South,Home Office,2024-06-14,2026-07-21T13:08:31
C0079,Yash Jain,yash.jain79@example.com,Kolkata,East,Consumer,2025-02-16,2026-07-21T13:08:31
C0080,Yash Verma,yash.verma80@example.com,Jaipur,North,Consumer,2025-05-03,2026-07-21T13:08:31
C0081,Ananya Gupta,ananya.gupta81@example.com,Delhi,North,Corporate,2025-11-17,2026-07-21T13:08:31
C0082,Meera Saxena,meera.saxena82@example.com,Delhi,North,Home Office,2024-11-15,2026-07-21T13:08:31
C0083,Ananya Kapoor,ananya.kapoor83@example.com,Jaipur,North,Home Office,2024-04-27,2026-07-21T13:08:31
C0084,Yash Patel,yash.patel84@example.com,Chandigarh,North,Corporate,2025-08-30,2026-07-21T13:08:31
C0085,Rahul Gupta,rahul.gupta85@example.com,Bengaluru,South,Corporate,2025-04-04,2026-07-21T13:08:31
C0086,Diya Singh,diya.singh86@example.com,Chennai,South,Corporate,2025-05-26,2026-07-21T13:08:31
C0087,Ananya Sharma,ananya.sharma87@example.com,Hyderabad,South,Corporate,2024-03-11,2026-07-21T13:08:31
C0088,Arjun Verma,arjun.verma88@example.com,Chandigarh,North,Home Office,2024-08-16,2026-07-21T13:08:31
C0089,Yash Singh,yash.singh89@example.com,Bengaluru,South,Consumer,2025-07-14,2026-07-21T13:08:31
C0090,Ananya Gupta,ananya.gupta90@example.com,Hyderabad,South,Corporate,2025-08-30,2026-07-21T13:08:31
C0091,Ishaan Joshi,ishaan.joshi91@example.com,Pune,West,Home Office,2024-11-13,2026-07-21T13:08:31
C0092,Priya Saxena,priya.saxena92@example.com,Lucknow,North,Home Office,2025-08-10,2026-07-21T13:08:31
C0093,Aarav Jain,aarav.jain93@example.com,Ahmedabad,West,Corporate,2025-09-06,2026-07-21T13:08:31
C0094,Arjun Mehta,arjun.mehta94@example.com,Bhopal,Central,Corporate,2024-10-09,2026-07-21T13:08:31
C0095,Arjun Jain,arjun.jain95@example.com,Delhi,North,Consumer,2025-10-17,2026-07-21T13:08:31
C0096,Priya Saxena,priya.saxena96@example.com,Pune,West,Consumer,2024-07-29,2026-07-21T13:08:31
C0097,Rahul Gupta,rahul.gupta97@example.com,Lucknow,North,Home Office,2024-06-23,2026-07-21T13:08:31
C0098,Nikhil Jain,nikhil.jain98@example.com,Bhopal,Central,Corporate,2025-05-13,2026-07-21T13:08:31
C0099,Aditi Verma,aditi.verma99@example.com,Pune,West,Home Office,2025-04-09,2026-07-21T13:08:31
C0100,Nikhil Sharma,nikhil.sharma100@example.com,Chennai,South,Consumer,2024-04-12,2026-07-21T13:08:31
C0101,Diya Singh,diya.singh101@example.com,Hyderabad,South,Consumer,2025-08-30,2026-07-21T13:08:31
C0102,Tanvi Jain,tanvi.jain102@example.com,Lucknow,North,Home Office,2024-05-25,2026-07-21T13:08:31
C0103,Zoya Sharma,zoya.sharma103@example.com,Chennai,South,Consumer,2025-08-10,2026-07-21T13:08:31
C0104,Diya Jain,diya.jain104@example.com,Delhi,North,Consumer,2024-01-06,2026-07-21T13:08:31
C0105,Zoya Mehta,zoya.mehta105@example.com,Hyderabad,South,Corporate,2025-08-04,2026-07-21T13:08:31
C0106,Aditi Singh,aditi.singh106@example.com,Mumbai,West,Corporate,2025-07-28,2026-07-21T13:08:31
C0107,Riya Gupta,riya.gupta107@example.com,Jaipur,North,Home Office,2025-07-23,2026-07-21T13:08:31
C0108,Arjun Patel,arjun.patel108@example.com,Bengaluru,South,Home Office,2025-04-30,2026-07-21T13:08:31
C0109,Diya Gupta,diya.gupta109@example.com,Chennai,South,Consumer,2024-12-10,2026-07-21T13:08:31
C0110,Saanvi Sharma,saanvi.sharma110@example.com,Mumbai,West,Consumer,2025-05-29,2026-07-21T13:08:31
C0111,Rahul Kapoor,rahul.kapoor111@example.com,Lucknow,North,Home Office,2024-07-21,2026-07-21T13:08:31
C0112,Meera Singh,meera.singh112@example.com,Lucknow,North,Consumer,2025-07-23,2026-07-21T13:08:31
C0113,Arjun Kapoor,arjun.kapoor113@example.com,Lucknow,North,Consumer,2025-02-09,2026-07-21T13:08:31
C0114,Meera Gupta,meera.gupta114@example.com,Kolkata,East,Corporate,2024-12-01,2026-07-21T13:08:31
C0115,Priya Gupta,priya.gupta115@example.com,Hyderabad,South,Consumer,2025-01-04,2026-07-21T13:08:31
C0116,Kavya Kapoor,kavya.kapoor116@example.com,Jaipur,North,Corporate,2025-02-19,2026-07-21T13:08:31
C0117,Ananya Singh,ananya.singh117@example.com,Pune,West,Corporate,2024-01-28,2026-07-21T13:08:31
C0118,Yash Kapoor,yash.kapoor118@example.com,Bhopal,Central,Home Office,2024-04-12,2026-07-21T13:08:31
C0119,Rahul Sharma,rahul.sharma119@example.com,Ahmedabad,West,Consumer,2024-06-28,2026-07-21T13:08:31
C0120,Ishaan Saxena,ishaan.saxena120@example.com,Pune,West,Corporate,2024-03-24,2026-07-21T13:08:31
C0121,Arjun Saxena,arjun.saxena121@example.com,Jaipur,North,Corporate,2024-11-16,2026-07-21T13:08:31
C0122,Rahul Kapoor,rahul.kapoor122@example.com,Hyderabad,South,Home Office,2025-05-02,2026-07-21T13:08:31
C0123,Arjun Kapoor,arjun.kapoor123@example.com,Ahmedabad,West,Home Office,2025-04-22,2026-07-21T13:08:31
C0124,Nikhil Sharma,nikhil.sharma124@example.com,Bengaluru,South,Home Office,2024-12-09,2026-07-21T13:08:31
C0125,Aarav Jain,aarav.jain125@example.com,Chennai,South,Home Office,2025-09-16,2026-07-21T13:08:31
C0126,Kavya Patel,kavya.patel126@example.com,Bhopal,Central,Corporate,2025-02-16,2026-07-21T13:08:31
C0127,Rahul Saxena,rahul.saxena127@example.com,Delhi,North,Corporate,2024-02-27,2026-07-21T13:08:31
C0128,Arjun Singh,arjun.singh128@example.com,Bhopal,Central,Home Office,2025-07-12,2026-07-21T13:08:31
C0129,Saanvi Patel,saanvi.patel129@example.com,Pune,West,Corporate,2025-02-23,2026-07-21T13:08:31
C0130,Priya Jain,priya.jain130@example.com,Lucknow,North,Consumer,2025-04-08,2026-07-21T13:08:31
C0131,Saanvi Kapoor,saanvi.kapoor131@example.com,Bengaluru,South,Home Office,2025-02-16,2026-07-21T13:08:31
C0132,Ishaan Saxena,ishaan.saxena132@example.com,Lucknow,North,Home Office,2025-02-08,2026-07-21T13:08:31
C0133,Rohan Jain,rohan.jain133@example.com,Pune,West,Consumer,2024-03-07,2026-07-21T13:08:31
C0134,Priya Gupta,priya.gupta134@example.com,Pune,West,Corporate,2025-02-12,2026-07-21T13:08:31
C0135,Rahul Joshi,rahul.joshi135@example.com,Chandigarh,North,Corporate,2025-08-03,2026-07-21T13:08:31
C0136,Kavya Jain,kavya.jain136@example.com,Kolkata,East,Corporate,2024-08-09,2026-07-21T13:08:31
C0137,Ishaan Verma,ishaan.verma137@example.com,Lucknow,North,Corporate,2025-03-16,2026-07-21T13:08:31
C0138,Rahul Verma,rahul.verma138@example.com,Ahmedabad,West,Consumer,2024-01-23,2026-07-21T13:08:31
C0139,Priya Gupta,priya.gupta139@example.com,Bhopal,Central,Consumer,2024-09-10,2026-07-21T13:08:31
C0140,Aarav Sharma,aarav.sharma140@example.com,Mumbai,West,Consumer,2024-11-14,2026-07-21T13:08:31
C0141,Ananya Joshi,ananya.joshi141@example.com,Kolkata,East,Corporate,2025-12-18,2026-07-21T13:08:31
C0142,Kavya Kapoor,kavya.kapoor142@example.com,Bhopal,Central,Corporate,2024-06-05,2026-07-21T13:08:31
C0143,Meera Mehta,meera.mehta143@example.com,Chennai,South,Home Office,2024-07-20,2026-07-21T13:08:31
C0144,Aarav Verma,aarav.verma144@example.com,Lucknow,North,Corporate,2024-10-25,2026-07-21T13:08:31
C0145,Ishaan Jain,ishaan.jain145@example.com,Bengaluru,South,Corporate,2025-12-25,2026-07-21T13:08:31
C0146,Zoya Gupta,zoya.gupta146@example.com,Jaipur,North,Consumer,2025-09-14,2026-07-21T13:08:31
C0147,Diya Joshi,diya.joshi147@example.com,Kolkata,East,Home Office,2024-01-26,2026-07-21T13:08:31
C0148,Zoya Saxena,zoya.saxena148@example.com,Ahmedabad,West,Corporate,2024-06-19,2026-07-21T13:08:31
C0149,Yash Kapoor,yash.kapoor149@example.com,Kolkata,East,Home Office,2025-08-22,2026-07-21T13:08:31
C0150,Ishaan Joshi,ishaan.joshi150@example.com,Kolkata,East,Corporate,2024-02-12,2026-07-21T13:08:31
C0151,Meera Singh,meera.singh151@example.com,Pune,West,Home Office,2025-09-16,2026-07-21T13:08:31
C0152,Meera Singh,meera.singh152@example.com,Kolkata,East,Corporate,2024-07-24,2026-07-21T13:08:31
C0153,Priya Gupta,priya.gupta153@example.com,Delhi,North,Corporate,2025-10-31,2026-07-21T13:08:31
C0154,Rahul Jain,rahul.jain154@example.com,Hyderabad,South,Consumer,2024-08-02,2026-07-21T13:08:31
C0155,Diya Gupta,diya.gupta155@example.com,Mumbai,West,Corporate,2024-11-13,2026-07-21T13:08:31
C0156,Diya Gupta,diya.gupta156@example.com,Lucknow,North,Consumer,2025-04-28,2026-07-21T13:08:31
C0157,Saanvi Patel,saanvi.patel157@example.com,Chennai,South,Home Office,2024-04-02,2026-07-21T13:08:31
C0158,Saanvi Sharma,saanvi.sharma158@example.com,Kolkata,East,Consumer,2025-02-10,2026-07-21T13:08:31
C0159,Rohan Saxena,rohan.saxena159@example.com,Chennai,South,Home Office,2025-01-03,2026-07-21T13:08:31
C0160,Rohan Joshi,rohan.joshi160@example.com,Jaipur,North,Consumer,2025-07-26,2026-07-21T13:08:31
C0161,Priya Kapoor,priya.kapoor161@example.com,Hyderabad,South,Corporate,2025-12-28,2026-07-21T13:08:31
C0162,Zoya Saxena,zoya.saxena162@example.com,Ahmedabad,West,Consumer,2025-04-29,2026-07-21T13:08:31
C0163,Meera Singh,meera.singh163@example.com,Kolkata,East,Corporate,2024-10-25,2026-07-21T13:08:31
C0164,Aarav Kapoor,aarav.kapoor164@example.com,Kolkata,East,Corporate,2024-10-23,2026-07-21T13:08:31
C0165,Rohan Mehta,rohan.mehta165@example.com,Bhopal,Central,Corporate,2024-11-01,2026-07-21T13:08:31
C0166,Zoya Sharma,zoya.sharma166@example.com,Mumbai,West,Corporate,2025-08-17,2026-07-21T13:08:31
C0167,Aarav Verma,aarav.verma167@example.com,Chandigarh,North,Home Office,2024-08-22,2026-07-21T13:08:31
C0168,Diya Joshi,diya.joshi168@example.com,Chennai,South,Consumer,2024-05-01,2026-07-21T13:08:31
C0169,Nikhil Kapoor,nikhil.kapoor169@example.com,Jaipur,North,Corporate,2024-09-01,2026-07-21T13:08:31
C0170,Tanvi Patel,tanvi.patel170@example.com,Bengaluru,South,Corporate,2024-01-17,2026-07-21T13:08:31
C0171,Nikhil Kapoor,nikhil.kapoor171@example.com,Chennai,South,Corporate,2024-03-18,2026-07-21T13:08:31
C0172,Varun Sharma,varun.sharma172@example.com,Delhi,North,Home Office,2024-03-06,2026-07-21T13:08:31
C0173,Aditi Patel,aditi.patel173@example.com,Ahmedabad,West,Consumer,2025-07-17,2026-07-21T13:08:31
C0174,Ananya Sharma,ananya.sharma174@example.com,Bhopal,Central,Consumer,2025-06-11,2026-07-21T13:08:31
C0175,Kavya Sharma,kavya.sharma175@example.com,Bengaluru,South,Home Office,2025-05-23,2026-07-21T13:08:31
C0176,Meera Mehta,meera.mehta176@example.com,Mumbai,West,Corporate,2024-12-03,2026-07-21T13:08:31
C0177,Arjun Saxena,arjun.saxena177@example.com,Bhopal,Central,Consumer,2025-06-07,2026-07-21T13:08:31
C0178,Nikhil Patel,nikhil.patel178@example.com,Kolkata,East,Consumer,2024-04-27,2026-07-21T13:08:31
C0179,Arjun Mehta,arjun.mehta179@example.com,Chandigarh,North,Corporate,2025-10-19,2026-07-21T13:08:31
C0180,Aarav Singh,aarav.singh180@example.com,Delhi,North,Home Office,2024-12-31,2026-07-21T13:08:31
C0181,Rohan Kapoor,rohan.kapoor181@example.com,Bhopal,Central,Home Office,2025-11-15,2026-07-21T13:08:31
C0182,Ananya Saxena,ananya.saxena182@example.com,Bengaluru,South,Home Office,2024-04-21,2026-07-21T13:08:31
C0183,Meera Verma,meera.verma183@example.com,Bhopal,Central,Home Office,2024-12-29,2026-07-21T13:08:31
C0184,Arjun Saxena,arjun.saxena184@example.com,Pune,West,Consumer,2025-05-23,2026-07-21T13:08:31
C0185,Zoya Kapoor,zoya.kapoor185@example.com,Hyderabad,South,Home Office,2024-12-27,2026-07-21T13:08:31
C0186,Ananya Jain,ananya.jain186@example.com,Hyderabad,South,Home Office,2024-11-21,2026-07-21T13:08:31
C0187,Aarav Kapoor,aarav.kapoor187@example.com,Hyderabad,South,Corporate,2024-05-01,2026-07-21T13:08:31
C0188,Saanvi Patel,saanvi.patel188@example.com,Delhi,North,Home Office,2024-10-05,2026-07-21T13:08:31
C0189,Diya Kapoor,diya.kapoor189@example.com,Kolkata,East,Consumer,2024-06-23,2026-07-21T13:08:31
C0190,Yash Singh,yash.singh190@example.com,Lucknow,North,Home Office,2024-08-08,2026-07-21T13:08:31
C0191,Varun Joshi,varun.joshi191@example.com,Ahmedabad,West,Corporate,2025-05-14,2026-07-21T13:08:31
C0192,Nikhil Patel,nikhil.patel192@example.com,Lucknow,North,Consumer,2025-04-05,2026-07-21T13:08:31
C0193,Nikhil Joshi,nikhil.joshi193@example.com,Delhi,North,Consumer,2025-03-19,2026-07-21T13:08:31
C0194,Rohan Patel,rohan.patel194@example.com,Kolkata,East,Consumer,2024-09-21,2026-07-21T13:08:31
C0195,Rahul Mehta,rahul.mehta195@example.com,Kolkata,East,Corporate,2025-12-01,2026-07-21T13:08:31
C0196,Riya Singh,riya.singh196@example.com,Bengaluru,South,Corporate,2024-03-04,2026-07-21T13:08:31
C0197,Nikhil Jain,nikhil.jain197@example.com,Pune,West,Consumer,2024-09-07,2026-07-21T13:08:31
C0198,Kavya Verma,kavya.verma198@example.com,Ahmedabad,West,Consumer,2024-03-27,2026-07-21T13:08:31
C0199,Saanvi Joshi,saanvi.joshi199@example.com,Lucknow,North,Home Office,2024-09-04,2026-07-21T13:08:31
C0200,Varun Joshi,varun.joshi200@example.com,Bengaluru,South,Corporate,2025-12-03,2026-07-21T13:08:31
C0201,Ananya Singh,ananya.singh201@example.com,Jaipur,North,Consumer,2024-09-24,2026-07-21T13:08:31
C0202,Meera Singh,meera.singh202@example.com,Chennai,South,Home Office,2025-10-25,2026-07-21T13:08:31
C0203,Riya Joshi,riya.joshi203@example.com,Chandigarh,North,Home Office,2024-12-27,2026-07-21T13:08:31
C0204,Riya Kapoor,riya.kapoor204@example.com,Ahmedabad,West,Home Office,2025-05-25,2026-07-21T13:08:31
C0205,Rahul Patel,rahul.patel205@example.com,Ahmedabad,West,Home Office,2024-11-29,2026-07-21T13:08:31
C0206,Nikhil Singh,nikhil.singh206@example.com,Kolkata,East,Corporate,2024-07-13,2026-07-21T13:08:31
C0207,Arjun Gupta,arjun.gupta207@example.com,Bengaluru,South,Corporate,2025-07-11,2026-07-21T13:08:31
C0208,Zoya Mehta,zoya.mehta208@example.com,Delhi,North,Consumer,2025-12-08,2026-07-21T13:08:31
C0209,Varun Singh,varun.singh209@example.com,Bengaluru,South,Home Office,2024-07-11,2026-07-21T13:08:31
C0210,Yash Saxena,yash.saxena210@example.com,Chandigarh,North,Corporate,2025-07-22,2026-07-21T13:08:31
C0211,Kavya Singh,kavya.singh211@example.com,Delhi,North,Consumer,2024-07-09,2026-07-21T13:08:31
C0212,Ishaan Singh,ishaan.singh212@example.com,Hyderabad,South,Consumer,2025-06-07,2026-07-21T13:08:31
C0213,Zoya Mehta,zoya.mehta213@example.com,Lucknow,North,Corporate,2025-07-29,2026-07-21T13:08:31
C0214,Aditi Jain,aditi.jain214@example.com,Jaipur,North,Corporate,2024-11-24,2026-07-21T13:08:31
C0215,Diya Joshi,diya.joshi215@example.com,Lucknow,North,Consumer,2025-06-21,2026-07-21T13:08:31
C0216,Priya Joshi,priya.joshi216@example.com,Jaipur,North,Corporate,2024-07-17,2026-07-21T13:08:31
C0217,Rahul Mehta,rahul.mehta217@example.com,Kolkata,East,Consumer,2024-02-27,2026-07-21T13:08:31
C0218,Varun Verma,varun.verma218@example.com,Pune,West,Consumer,2024-03-11,2026-07-21T13:08:31
C0219,Varun Verma,varun.verma219@example.com,Chennai,South,Home Office,2024-11-22,2026-07-21T13:08:31
C0220,Aditi Mehta,aditi.mehta220@example.com,Bhopal,Central,Consumer,2025-10-20,2026-07-21T13:08:31
C0221,Priya Verma,priya.verma221@example.com,Chandigarh,North,Consumer,2024-04-03,2026-07-21T13:08:31
C0222,Zoya Kapoor,zoya.kapoor222@example.com,Delhi,North,Home Office,2024-11-28,2026-07-21T13:08:31
C0223,Meera Jain,meera.jain223@example.com,Chandigarh,North,Corporate,2025-05-28,2026-07-21T13:08:31
C0224,Tanvi Singh,tanvi.singh224@example.com,Kolkata,East,Home Office,2024-05-27,2026-07-21T13:08:31
C0225,Priya Saxena,priya.saxena225@example.com,Chennai,South,Home Office,2025-06-10,2026-07-21T13:08:31
C0226,Arjun Gupta,arjun.gupta226@example.com,Jaipur,North,Home Office,2024-08-11,2026-07-21T13:08:31
C0227,Nikhil Verma,nikhil.verma227@example.com,Bengaluru,South,Consumer,2025-08-13,2026-07-21T13:08:31
C0228,Ishaan Jain,ishaan.jain228@example.com,Bengaluru,South,Consumer,2025-02-26,2026-07-21T13:08:31
C0229,Aarav Kapoor,aarav.kapoor229@example.com,Mumbai,West,Corporate,2025-02-03,2026-07-21T13:08:31
C0230,Varun Singh,varun.singh230@example.com,Lucknow,North,Consumer,2024-05-09,2026-07-21T13:08:31
C0231,Priya Singh,priya.singh231@example.com,Bengaluru,South,Home Office,2024-12-04,2026-07-21T13:08:31
C0232,Ananya Gupta,ananya.gupta232@example.com,Kolkata,East,Corporate,2025-09-17,2026-07-21T13:08:31
C0233,Kavya Kapoor,kavya.kapoor233@example.com,Bhopal,Central,Consumer,2024-01-15,2026-07-21T13:08:31
C0234,Meera Mehta,meera.mehta234@example.com,Ahmedabad,West,Corporate,2025-07-07,2026-07-21T13:08:31
C0235,Ananya Sharma,ananya.sharma235@example.com,Mumbai,West,Consumer,2024-12-25,2026-07-21T13:08:31
C0236,Priya Joshi,priya.joshi236@example.com,Pune,West,Consumer,2025-06-09,2026-07-21T13:08:31
C0237,Priya Kapoor,priya.kapoor237@example.com,Kolkata,East,Corporate,2025-04-29,2026-07-21T13:08:31
C0238,Zoya Joshi,zoya.joshi238@example.com,Ahmedabad,West,Corporate,2024-11-11,2026-07-21T13:08:31
C0239,Aditi Kapoor,aditi.kapoor239@example.com,Delhi,North,Home Office,2024-08-13,2026-07-21T13:08:31
C0240,Nikhil Sharma,nikhil.sharma240@example.com,Hyderabad,South,Consumer,2025-04-02,2026-07-21T13:08:31
C0241,Aarav Singh,aarav.singh241@example.com,Bengaluru,South,Home Office,2024-04-12,2026-07-21T13:08:31
C0242,Ishaan Joshi,ishaan.joshi242@example.com,Jaipur,North,Home Office,2025-03-02,2026-07-21T13:08:31
C0243,Tanvi Singh,tanvi.singh243@example.com,Bhopal,Central,Consumer,2024-03-10,2026-07-21T13:08:31
C0244,Saanvi Joshi,saanvi.joshi244@example.com,Chandigarh,North,Consumer,2025-04-19,2026-07-21T13:08:31
C0245,Riya Kapoor,riya.kapoor245@example.com,Kolkata,East,Corporate,2025-04-03,2026-07-21T13:08:31
C0246,Arjun Mehta,arjun.mehta246@example.com,Hyderabad,South,Corporate,2024-03-02,2026-07-21T13:08:31
C0247,Varun Singh,varun.singh247@example.com,Chennai,South,Home Office,2025-07-06,2026-07-21T13:08:31
C0248,Zoya Sharma,zoya.sharma248@example.com,Chennai,South,Corporate,2024-10-30,2026-07-21T13:08:31
C0249,Rahul Singh,rahul.singh249@example.com,Delhi,North,Corporate,2025-07-28,2026-07-21T13:08:31
C0250,Rohan Jain,rohan.jain250@example.com,Delhi,North,Consumer,2024-01-31,2026-07-21T13:08:31
C0251,Zoya Joshi,zoya.joshi251@example.com,Bhopal,Central,Corporate,2024-05-11,2026-07-21T13:08:31
C0252,Kavya Jain,kavya.jain252@example.com,Jaipur,North,Corporate,2024-12-26,2026-07-21T13:08:31
C0253,Varun Joshi,varun.joshi253@example.com,Chandigarh,North,Consumer,2024-05-17,2026-07-21T13:08:31
C0254,Nikhil Jain,nikhil.jain254@example.com,Bengaluru,South,Consumer,2024-08-28,2026-07-21T13:08:31
C0255,Tanvi Joshi,tanvi.joshi255@example.com,Pune,West,Consumer,2025-04-27,2026-07-21T13:08:31
C0256,Meera Mehta,meera.mehta256@example.com,Jaipur,North,Corporate,2024-04-15,2026-07-21T13:08:31
C0257,Aarav Jain,aarav.jain257@example.com,Ahmedabad,West,Corporate,2025-05-09,2026-07-21T13:08:31
C0258,Meera Verma,meera.verma258@example.com,Delhi,North,Corporate,2024-03-16,2026-07-21T13:08:31
C0259,Diya Joshi,diya.joshi259@example.com,Delhi,North,Home Office,2024-05-07,2026-07-21T13:08:31
C0260,Yash Singh,yash.singh260@example.com,Pune,West,Corporate,2025-03-04,2026-07-21T13:08:31
C0261,Varun Gupta,varun.gupta261@example.com,Kolkata,East,Corporate,2025-08-02,2026-07-21T13:08:31
C0262,Diya Kapoor,diya.kapoor262@example.com,Ahmedabad,West,Consumer,2024-05-04,2026-07-21T13:08:31
C0263,Yash Mehta,yash.mehta263@example.com,Chandigarh,North,Consumer,2024-08-06,2026-07-21T13:08:31
C0264,Saanvi Patel,saanvi.patel264@example.com,Pune,West,Home Office,2025-11-06,2026-07-21T13:08:31
C0265,Aarav Singh,aarav.singh265@example.com,Pune,West,Home Office,2025-12-23,2026-07-21T13:08:31
C0266,Varun Mehta,varun.mehta266@example.com,Pune,West,Corporate,2025-02-28,2026-07-21T13:08:31
C0267,Varun Patel,varun.patel267@example.com,Ahmedabad,West,Corporate,2024-11-22,2026-07-21T13:08:31
C0268,Zoya Kapoor,zoya.kapoor268@example.com,Ahmedabad,West,Corporate,2024-09-10,2026-07-21T13:08:31
C0269,Kavya Gupta,kavya.gupta269@example.com,Hyderabad,South,Home Office,2025-03-23,2026-07-21T13:08:31
C0270,Meera Kapoor,meera.kapoor270@example.com,Chennai,South,Consumer,2025-03-07,2026-07-21T13:08:31
C0271,Varun Kapoor,varun.kapoor271@example.com,Hyderabad,South,Corporate,2024-08-03,2026-07-21T13:08:31
C0272,Diya Joshi,diya.joshi272@example.com,Bhopal,Central,Consumer,2024-01-17,2026-07-21T13:08:31
C0273,Yash Saxena,yash.saxena273@example.com,Mumbai,West,Corporate,2024-04-20,2026-07-21T13:08:31
C0274,Tanvi Verma,tanvi.verma274@example.com,Delhi,North,Home Office,2025-11-30,2026-07-21T13:08:31
C0275,Aarav Mehta,aarav.mehta275@example.com,Kolkata,East,Corporate,2024-11-01,2026-07-21T13:08:31
C0276,Diya Verma,diya.verma276@example.com,Bhopal,Central,Corporate,2024-12-18,2026-07-21T13:08:31
C0277,Rahul Saxena,rahul.saxena277@example.com,Pune,West,Home Office,2024-12-06,2026-07-21T13:08:31
C0278,Ananya Patel,ananya.patel278@example.com,Chennai,South,Home Office,2025-07-25,2026-07-21T13:08:31
C0279,Rohan Patel,rohan.patel279@example.com,Ahmedabad,West,Home Office,2024-02-17,2026-07-21T13:08:31
C0280,Varun Jain,varun.jain280@example.com,Lucknow,North,Consumer,2024-03-01,2026-07-21T13:08:31
C0281,Ananya Gupta,ananya.gupta281@example.com,Chandigarh,North,Home Office,2024-07-20,2026-07-21T13:08:31
C0282,Priya Gupta,priya.gupta282@example.com,Bhopal,Central,Home Office,2024-12-21,2026-07-21T13:08:31
C0283,Saanvi Verma,saanvi.verma283@example.com,Delhi,North,Home Office,2025-05-04,2026-07-21T13:08:31
C0284,Arjun Joshi,arjun.joshi284@example.com,Lucknow,North,Consumer,2024-12-24,2026-07-21T13:08:31
C0285,Priya Sharma,priya.sharma285@example.com,Lucknow,North,Consumer,2024-11-18,2026-07-21T13:08:31
C0286,Aditi Singh,aditi.singh286@example.com,Hyderabad,South,Corporate,2025-11-15,2026-07-21T13:08:31
C0287,Saanvi Mehta,saanvi.mehta287@example.com,Hyderabad,South,Consumer,2024-04-27,2026-07-21T13:08:31
C0288,Saanvi Saxena,saanvi.saxena288@example.com,Ahmedabad,West,Home Office,2025-02-21,2026-07-21T13:08:31
C0289,Ishaan Mehta,ishaan.mehta289@example.com,Mumbai,West,Consumer,2025-01-30,2026-07-21T13:08:31
C0290,Rohan Saxena,rohan.saxena290@example.com,Chandigarh,North,Home Office,2024-12-11,2026-07-21T13:08:31
C0291,Varun Saxena,varun.saxena291@example.com,Bengaluru,South,Consumer,2025-08-12,2026-07-21T13:08:31
C0292,Tanvi Singh,tanvi.singh292@example.com,Bengaluru,South,Corporate,2024-07-13,2026-07-21T13:08:31
C0293,Aarav Joshi,aarav.joshi293@example.com,Pune,West,Corporate,2025-11-27,2026-07-21T13:08:31
C0294,Zoya Mehta,zoya.mehta294@example.com,Bhopal,Central,Consumer,2024-08-30,2026-07-21T13:08:31
C0295,Riya Saxena,riya.saxena295@example.com,Kolkata,East,Corporate,2025-02-01,2026-07-21T13:08:31
C0296,Saanvi Singh,saanvi.singh296@example.com,Bhopal,Central,Corporate,2025-01-15,2026-07-21T13:08:31
C0297,Kavya Kapoor,kavya.kapoor297@example.com,Pune,West,Corporate,2025-09-12,2026-07-21T13:08:31
C0298,Meera Kapoor,meera.kapoor298@example.com,Delhi,North,Home Office,2024-11-16,2026-07-21T13:08:31
C0299,Priya Singh,priya.singh299@example.com,Hyderabad,South,Consumer,2024-07-26,2026-07-21T13:08:31
C0300,Rohan Singh,rohan.singh300@example.com,Bhopal,Central,Consumer,2024-01-16,2026-07-21T13:08:31
C0301,Aditi Saxena,aditi.saxena301@example.com,Chandigarh,North,Home Office,2024-09-22,2026-07-21T13:08:31
C0302,Priya Gupta,priya.gupta302@example.com,Kolkata,East,Home Office,2025-08-26,2026-07-21T13:08:31
C0303,Meera Gupta,meera.gupta303@example.com,Hyderabad,South,Home Office,2024-01-08,2026-07-21T13:08:31
C0304,Diya Verma,diya.verma304@example.com,Pune,West,Home Office,2025-10-16,2026-07-21T13:08:31
C0305,Aditi Singh,aditi.singh305@example.com,Bhopal,Central,Corporate,2025-01-31,2026-07-21T13:08:31
C0306,Riya Mehta,riya.mehta306@example.com,Jaipur,North,Consumer,2024-04-12,2026-07-21T13:08:31
C0307,Rahul Kapoor,rahul.kapoor307@example.com,Pune,West,Consumer,2024-08-08,2026-07-21T13:08:31
C0308,Diya Jain,diya.jain308@example.com,Bengaluru,South,Corporate,2025-02-08,2026-07-21T13:08:31
C0309,Yash Singh,yash.singh309@example.com,Ahmedabad,West,Consumer,2024-08-18,2026-07-21T13:08:31
C0310,Varun Singh,varun.singh310@example.com,Pune,West,Home Office,2024-03-20,2026-07-21T13:08:31
C0311,Arjun Joshi,arjun.joshi311@example.com,Hyderabad,South,Consumer,2025-05-01,2026-07-21T13:08:31
C0312,Meera Kapoor,meera.kapoor312@example.com,Mumbai,West,Home Office,2025-05-05,2026-07-21T13:08:31
C0313,Ananya Kapoor,ananya.kapoor313@example.com,Hyderabad,South,Consumer,2024-03-27,2026-07-21T13:08:31
C0314,Zoya Verma,zoya.verma314@example.com,Pune,West,Corporate,2024-07-24,2026-07-21T13:08:31
C0315,Nikhil Saxena,nikhil.saxena315@example.com,Hyderabad,South,Corporate,2024-06-27,2026-07-21T13:08:31
C0316,Riya Verma,riya.verma316@example.com,Bhopal,Central,Home Office,2025-04-26,2026-07-21T13:08:31
C0317,Varun Sharma,varun.sharma317@example.com,Bengaluru,South,Home Office,2025-06-17,2026-07-21T13:08:31
C0318,Rahul Saxena,rahul.saxena318@example.com,Ahmedabad,West,Consumer,2025-06-14,2026-07-21T13:08:31
C0319,Ananya Joshi,ananya.joshi319@example.com,Bhopal,Central,Home Office,2025-11-16,2026-07-21T13:08:31
C0320,Saanvi Verma,saanvi.verma320@example.com,Pune,West,Consumer,2025-07-15,2026-07-21T13:08:31
C0321,Aditi Singh,aditi.singh321@example.com,Jaipur,North,Corporate,2024-08-22,2026-07-21T13:08:31
C0322,Arjun Gupta,arjun.gupta322@example.com,Delhi,North,Home Office,2024-03-19,2026-07-21T13:08:31
C0323,Rohan Joshi,rohan.joshi323@example.com,Mumbai,West,Corporate,2025-03-24,2026-07-21T13:08:31
C0324,Zoya Kapoor,zoya.kapoor324@example.com,Bhopal,Central,Home Office,2025-10-30,2026-07-21T13:08:31
C0325,Diya Kapoor,diya.kapoor325@example.com,Lucknow,North,Home Office,2025-12-12,2026-07-21T13:08:31
C0326,Varun Saxena,varun.saxena326@example.com,Delhi,North,Corporate,2024-06-17,2026-07-21T13:08:31
C0327,Aditi Patel,aditi.patel327@example.com,Pune,West,Consumer,2024-06-21,2026-07-21T13:08:31
C0328,Tanvi Gupta,tanvi.gupta328@example.com,Kolkata,East,Corporate,2024-01-28,2026-07-21T13:08:31
C0329,Riya Jain,riya.jain329@example.com,Delhi,North,Home Office,2024-04-13,2026-07-21T13:08:31
C0330,Aditi Kapoor,aditi.kapoor330@example.com,Hyderabad,South,Corporate,2025-02-09,2026-07-21T13:08:31
C0331,Arjun Joshi,arjun.joshi331@example.com,Bengaluru,South,Consumer,2025-02-03,2026-07-21T13:08:31
C0332,Kavya Saxena,kavya.saxena332@example.com,Bhopal,Central,Consumer,2024-09-27,2026-07-21T13:08:31
C0333,Rahul Gupta,rahul.gupta333@example.com,Jaipur,North,Consumer,2024-08-14,2026-07-21T13:08:31
C0334,Kavya Verma,kavya.verma334@example.com,Chandigarh,North,Home Office,2025-08-28,2026-07-21T13:08:31
C0335,Kavya Gupta,kavya.gupta335@example.com,Bengaluru,South,Corporate,2024-12-01,2026-07-21T13:08:31
C0336,Aarav Singh,aarav.singh336@example.com,Mumbai,West,Consumer,2025-08-13,2026-07-21T13:08:31
C0337,Zoya Singh,zoya.singh337@example.com,Mumbai,West,Consumer,2025-12-04,2026-07-21T13:08:31
C0338,Aarav Mehta,aarav.mehta338@example.com,Delhi,North,Consumer,2024-08-19,2026-07-21T13:08:31
C0339,Meera Saxena,meera.saxena339@example.com,Hyderabad,South,Corporate,2024-05-27,2026-07-21T13:08:31
C0340,Ishaan Singh,ishaan.singh340@example.com,Jaipur,North,Consumer,2025-11-26,2026-07-21T13:08:31
C0341,Saanvi Jain,saanvi.jain341@example.com,Mumbai,West,Consumer,2025-04-08,2026-07-21T13:08:31
C0342,Ananya Joshi,ananya.joshi342@example.com,Lucknow,North,Corporate,2024-07-31,2026-07-21T13:08:31
C0343,Yash Saxena,yash.saxena343@example.com,Hyderabad,South,Consumer,2025-03-29,2026-07-21T13:08:31
C0344,Yash Gupta,yash.gupta344@example.com,Kolkata,East,Home Office,2025-01-10,2026-07-21T13:08:31
C0345,Yash Singh,yash.singh345@example.com,Jaipur,North,Corporate,2025-10-23,2026-07-21T13:08:31
C0346,Aarav Sharma,aarav.sharma346@example.com,Bhopal,Central,Corporate,2024-07-05,2026-07-21T13:08:31
C0347,Saanvi Verma,saanvi.verma347@example.com,Chennai,South,Corporate,2025-12-24,2026-07-21T13:08:31
C0348,Tanvi Verma,tanvi.verma348@example.com,Lucknow,North,Consumer,2025-11-14,2026-07-21T13:08:31
C0349,Diya Verma,diya.verma349@example.com,Hyderabad,South,Consumer,2024-05-11,2026-07-21T13:08:31
C0350,Zoya Patel,zoya.patel350@example.com,Pune,West,Corporate,2024-04-30,2026-07-21T13:08:31
C0351,Yash Singh,yash.singh351@example.com,Chandigarh,North,Corporate,2025-01-24,2026-07-21T13:08:31
C0352,Saanvi Verma,saanvi.verma352@example.com,Ahmedabad,West,Home Office,2024-02-02,2026-07-21T13:08:31
C0353,Zoya Gupta,zoya.gupta353@example.com,Delhi,North,Corporate,2024-08-06,2026-07-21T13:08:31
C0354,Meera Kapoor,meera.kapoor354@example.com,Kolkata,East,Corporate,2024-11-13,2026-07-21T13:08:31
C0355,Rohan Kapoor,rohan.kapoor355@example.com,Kolkata,East,Home Office,2025-12-08,2026-07-21T13:08:31
C0356,Rahul Kapoor,rahul.kapoor356@example.com,Delhi,North,Corporate,2025-12-25,2026-07-21T13:08:31
C0357,Nikhil Patel,nikhil.patel357@example.com,Bhopal,Central,Consumer,2024-04-20,2026-07-21T13:08:31
C0358,Varun Verma,varun.verma358@example.com,Bhopal,Central,Consumer,2025-10-12,2026-07-21T13:08:31
C0359,Ananya Kapoor,ananya.kapoor359@example.com,Delhi,North,Consumer,2024-03-07,2026-07-21T13:08:31
C0360,Riya Mehta,riya.mehta360@example.com,Lucknow,North,Home Office,2025-06-30,2026-07-21T13:08:31
C0361,Zoya Jain,zoya.jain361@example.com,Jaipur,North,Corporate,2025-09-09,2026-07-21T13:08:31
C0362,Arjun Kapoor,arjun.kapoor362@example.com,Bhopal,Central,Corporate,2025-10-12,2026-07-21T13:08:31
C0363,Saanvi Sharma,saanvi.sharma363@example.com,Bhopal,Central,Corporate,2024-06-12,2026-07-21T13:08:31
C0364,Priya Patel,priya.patel364@example.com,Chandigarh,North,Consumer,2025-10-14,2026-07-21T13:08:31
C0365,Yash Gupta,yash.gupta365@example.com,Chandigarh,North,Consumer,2024-03-25,2026-07-21T13:08:31
C0366,Varun Gupta,varun.gupta366@example.com,Bhopal,Central,Consumer,2025-01-13,2026-07-21T13:08:31
C0367,Zoya Patel,zoya.patel367@example.com,Hyderabad,South,Consumer,2024-12-08,2026-07-21T13:08:31
C0368,Meera Kapoor,meera.kapoor368@example.com,Pune,West,Home Office,2024-08-18,2026-07-21T13:08:31
C0369,Zoya Sharma,zoya.sharma369@example.com,Chandigarh,North,Home Office,2024-01-17,2026-07-21T13:08:31
C0370,Nikhil Sharma,nikhil.sharma370@example.com,Bhopal,Central,Consumer,2025-07-17,2026-07-21T13:08:31
C0371,Priya Patel,priya.patel371@example.com,Pune,West,Corporate,2024-09-01,2026-07-21T13:08:31
C0372,Ishaan Mehta,ishaan.mehta372@example.com,Jaipur,North,Home Office,2025-04-28,2026-07-21T13:08:31
C0373,Rohan Verma,rohan.verma373@example.com,Bhopal,Central,Consumer,2024-10-26,2026-07-21T13:08:31
C0374,Aarav Verma,aarav.verma374@example.com,Lucknow,North,Home Office,2024-09-29,2026-07-21T13:08:31
C0375,Kavya Kapoor,kavya.kapoor375@example.com,Ahmedabad,West,Corporate,2025-10-08,2026-07-21T13:08:31
C0376,Rahul Mehta,rahul.mehta376@example.com,Kolkata,East,Corporate,2024-03-09,2026-07-21T13:08:31
C0377,Rahul Saxena,rahul.saxena377@example.com,Pune,West,Home Office,2025-06-21,2026-07-21T13:08:31
C0378,Aditi Mehta,aditi.mehta378@example.com,Delhi,North,Consumer,2025-06-29,2026-07-21T13:08:31
C0379,Aditi Verma,aditi.verma379@example.com,Chandigarh,North,Corporate,2024-10-04,2026-07-21T13:08:31
C0380,Saanvi Joshi,saanvi.joshi380@example.com,Kolkata,East,Home Office,2024-07-10,2026-07-21T13:08:31
C0381,Saanvi Singh,saanvi.singh381@example.com,Kolkata,East,Consumer,2024-01-04,2026-07-21T13:08:31
C0382,Arjun Patel,arjun.patel382@example.com,Ahmedabad,West,Corporate,2025-11-14,2026-07-21T13:08:31
C0383,Priya Saxena,priya.saxena383@example.com,Delhi,North,Corporate,2025-11-22,2026-07-21T13:08:31
C0384,Priya Sharma,priya.sharma384@example.com,Ahmedabad,West,Consumer,2024-06-24,2026-07-21T13:08:31
C0385,Aditi Sharma,aditi.sharma385@example.com,Chennai,South,Consumer,2024-01-24,2026-07-21T13:08:31
C0386,Kavya Mehta,kavya.mehta386@example.com,Pune,West,Corporate,2024-03-30,2026-07-21T13:08:31
C0387,Rahul Verma,rahul.verma387@example.com,Pune,West,Consumer,2024-02-19,2026-07-21T13:08:31
C0388,Saanvi Mehta,saanvi.mehta388@example.com,Kolkata,East,Consumer,2025-08-29,2026-07-21T13:08:31
C0389,Zoya Gupta,zoya.gupta389@example.com,Chennai,South,Home Office,2025-10-13,2026-07-21T13:08:31
C0390,Riya Verma,riya.verma390@example.com,Ahmedabad,West,Corporate,2024-04-21,2026-07-21T13:08:31
C0391,Aditi Kapoor,aditi.kapoor391@example.com,Lucknow,North,Consumer,2025-06-29,2026-07-21T13:08:31
C0392,Ananya Patel,ananya.patel392@example.com,Kolkata,East,Home Office,2024-05-10,2026-07-21T13:08:31
C0393,Rohan Kapoor,rohan.kapoor393@example.com,Chennai,South,Corporate,2024-09-25,2026-07-21T13:08:31
C0394,Rohan Sharma,rohan.sharma394@example.com,Delhi,North,Corporate,2025-03-13,2026-07-21T13:08:31
C0395,Tanvi Patel,tanvi.patel395@example.com,Mumbai,West,Consumer,2025-06-09,2026-07-21T13:08:31
C0396,Arjun Gupta,arjun.gupta396@example.com,Chennai,South,Corporate,2025-09-30,2026-07-21T13:08:31
C0397,Rohan Jain,rohan.jain397@example.com,Chandigarh,North,Consumer,2024-02-02,2026-07-21T13:08:31
C0398,Priya Patel,priya.patel398@example.com,Chennai,South,Consumer,2024-05-23,2026-07-21T13:08:31
C0399,Ishaan Verma,ishaan.verma399@example.com,Hyderabad,South,Home Office,2024-07-23,2026-07-21T13:08:31
C0400,Arjun Jain,arjun.jain400@example.com,Bhopal,Central,Home Office,2024-08-14,2026-07-21T13:08:31
C0401,Riya Patel,riya.patel401@example.com,Bengaluru,South,Home Office,2025-12-29,2026-07-21T13:08:31
C0402,Diya Gupta,diya.gupta402@example.com,Bhopal,Central,Consumer,2025-07-21,2026-07-21T13:08:31
C0403,Nikhil Gupta,nikhil.gupta403@example.com,Mumbai,West,Consumer,2024-08-21,2026-07-21T13:08:31
C0404,Diya Verma,diya.verma404@example.com,Chandigarh,North,Consumer,2025-12-10,2026-07-21T13:08:31
C0405,Varun Joshi,varun.joshi405@example.com,Bhopal,Central,Home Office,2024-12-30,2026-07-21T13:08:31
C0406,Tanvi Saxena,tanvi.saxena406@example.com,Chandigarh,North,Home Office,2024-12-31,2026-07-21T13:08:31
C0407,Rahul Patel,rahul.patel407@example.com,Bhopal,Central,Consumer,2024-11-12,2026-07-21T13:08:31
C0408,Ananya Joshi,ananya.joshi408@example.com,Kolkata,East,Corporate,2024-04-15,2026-07-21T13:08:31
C0409,Priya Singh,priya.singh409@example.com,Bhopal,Central,Home Office,2025-11-13,2026-07-21T13:08:31
C0410,Riya Jain,riya.jain410@example.com,Jaipur,North,Consumer,2024-01-11,2026-07-21T13:08:31
C0411,Tanvi Joshi,tanvi.joshi411@example.com,Pune,West,Consumer,2024-05-07,2026-07-21T13:08:31
C0412,Riya Singh,riya.singh412@example.com,Jaipur,North,Consumer,2024-06-16,2026-07-21T13:08:31
C0413,Ananya Saxena,ananya.saxena413@example.com,Bhopal,Central,Home Office,2024-07-22,2026-07-21T13:08:31
C0414,Rohan Joshi,rohan.joshi414@example.com,Ahmedabad,West,Home Office,2024-04-06,2026-07-21T13:08:31
C0415,Aditi Joshi,aditi.joshi415@example.com,Ahmedabad,West,Home Office,2024-01-14,2026-07-21T13:08:31
C0416,Kavya Patel,kavya.patel416@example.com,Bhopal,Central,Home Office,2025-05-09,2026-07-21T13:08:31
C0417,Yash Mehta,yash.mehta417@example.com,Kolkata,East,Consumer,2025-12-08,2026-07-21T13:08:31
C0418,Arjun Patel,arjun.patel418@example.com,Kolkata,East,Home Office,2024-03-29,2026-07-21T13:08:31
C0419,Yash Mehta,yash.mehta419@example.com,Delhi,North,Consumer,2024-08-04,2026-07-21T13:08:31
C0420,Tanvi Joshi,tanvi.joshi420@example.com,Bengaluru,South,Home Office,2025-01-04,2026-07-21T13:08:31
C0421,Ishaan Patel,ishaan.patel421@example.com,Ahmedabad,West,Corporate,2025-11-08,2026-07-21T13:08:31
C0422,Rohan Kapoor,rohan.kapoor422@example.com,Pune,West,Corporate,2025-05-21,2026-07-21T13:08:31
C0423,Aditi Patel,aditi.patel423@example.com,Bhopal,Central,Consumer,2025-07-13,2026-07-21T13:08:31
C0424,Arjun Jain,arjun.jain424@example.com,Hyderabad,South,Home Office,2025-02-28,2026-07-21T13:08:31
C0425,Priya Singh,priya.singh425@example.com,Chennai,South,Home Office,2024-10-31,2026-07-21T13:08:31
C0426,Diya Patel,diya.patel426@example.com,Bhopal,Central,Consumer,2024-05-25,2026-07-21T13:08:31
C0427,Diya Patel,diya.patel427@example.com,Chandigarh,North,Corporate,2025-09-22,2026-07-21T13:08:31
C0428,Rohan Mehta,rohan.mehta428@example.com,Bhopal,Central,Home Office,2025-08-10,2026-07-21T13:08:31
C0429,Ananya Singh,ananya.singh429@example.com,Lucknow,North,Home Office,2024-01-19,2026-07-21T13:08:31
C0430,Rahul Mehta,rahul.mehta430@example.com,Chennai,South,Home Office,2025-06-06,2026-07-21T13:08:31
C0431,Yash Verma,yash.verma431@example.com,Lucknow,North,Home Office,2024-03-02,2026-07-21T13:08:31
C0432,Saanvi Jain,saanvi.jain432@example.com,Bhopal,Central,Corporate,2025-06-23,2026-07-21T13:08:31
C0433,Riya Singh,riya.singh433@example.com,Jaipur,North,Consumer,2025-08-25,2026-07-21T13:08:31
C0434,Rahul Joshi,rahul.joshi434@example.com,Bengaluru,South,Consumer,2024-04-05,2026-07-21T13:08:31
C0435,Diya Mehta,diya.mehta435@example.com,Bengaluru,South,Consumer,2024-11-12,2026-07-21T13:08:31
C0436,Arjun Jain,arjun.jain436@example.com,Pune,West,Home Office,2024-03-31,2026-07-21T13:08:31
C0437,Yash Sharma,yash.sharma437@example.com,Lucknow,North,Home Office,2025-02-18,2026-07-21T13:08:31
C0438,Diya Saxena,diya.saxena438@example.com,Hyderabad,South,Corporate,2025-11-08,2026-07-21T13:08:31
C0439,Ishaan Mehta,ishaan.mehta439@example.com,Mumbai,West,Home Office,2024-02-29,2026-07-21T13:08:31
C0440,Ishaan Joshi,ishaan.joshi440@example.com,Chandigarh,North,Consumer,2024-10-17,2026-07-21T13:08:31
C0441,Riya Gupta,riya.gupta441@example.com,Chennai,South,Corporate,2025-12-11,2026-07-21T13:08:31
C0442,Priya Joshi,priya.joshi442@example.com,Chandigarh,North,Consumer,2024-08-07,2026-07-21T13:08:31
C0443,Meera Singh,meera.singh443@example.com,Ahmedabad,West,Corporate,2024-04-06,2026-07-21T13:08:31
C0444,Riya Saxena,riya.saxena444@example.com,Bengaluru,South,Corporate,2024-12-22,2026-07-21T13:08:31
C0445,Priya Kapoor,priya.kapoor445@example.com,Kolkata,East,Home Office,2025-01-06,2026-07-21T13:08:31
C0446,Saanvi Mehta,saanvi.mehta446@example.com,Ahmedabad,West,Consumer,2025-04-28,2026-07-21T13:08:31
C0447,Diya Singh,diya.singh447@example.com,Chandigarh,North,Consumer,2024-08-17,2026-07-21T13:08:31
C0448,Varun Patel,varun.patel448@example.com,Bhopal,Central,Home Office,2025-11-28,2026-07-21T13:08:31
C0449,Yash Verma,yash.verma449@example.com,Delhi,North,Corporate,2025-01-15,2026-07-21T13:08:31
C0450,Ishaan Singh,ishaan.singh450@example.com,Delhi,North,Corporate,2024-07-28,2026-07-21T13:08:31
C0451,Diya Kapoor,diya.kapoor451@example.com,Ahmedabad,West,Consumer,2025-12-02,2026-07-21T13:08:31
C0452,Tanvi Patel,tanvi.patel452@example.com,Bengaluru,South,Consumer,2025-11-06,2026-07-21T13:08:31
C0453,Aditi Kapoor,aditi.kapoor453@example.com,Chennai,South,Home Office,2024-12-30,2026-07-21T13:08:31
C0454,Meera Kapoor,meera.kapoor454@example.com,Hyderabad,South,Consumer,2024-01-19,2026-07-21T13:08:31
C0455,Meera Sharma,meera.sharma455@example.com,Hyderabad,South,Corporate,2025-03-11,2026-07-21T13:08:31
C0456,Rahul Mehta,rahul.mehta456@example.com,Delhi,North,Consumer,2025-02-09,2026-07-21T13:08:31
C0457,Priya Joshi,priya.joshi457@example.com,Jaipur,North,Home Office,2024-04-18,2026-07-21T13:08:31
C0458,Varun Joshi,varun.joshi458@example.com,Mumbai,West,Home Office,2025-04-07,2026-07-21T13:08:31
C0459,Ananya Sharma,ananya.sharma459@example.com,Jaipur,North,Corporate,2025-09-05,2026-07-21T13:08:31
C0460,Diya Jain,diya.jain460@example.com,Bengaluru,South,Home Office,2024-03-18,2026-07-21T13:08:31
C0461,Yash Kapoor,yash.kapoor461@example.com,Chandigarh,North,Consumer,2025-06-12,2026-07-21T13:08:31
C0462,Meera Singh,meera.singh462@example.com,Pune,West,Consumer,2024-04-12,2026-07-21T13:08:31
C0463,Meera Kapoor,meera.kapoor463@example.com,Jaipur,North,Home Office,2025-06-30,2026-07-21T13:08:31
C0464,Tanvi Verma,tanvi.verma464@example.com,Chandigarh,North,Consumer,2024-11-01,2026-07-21T13:08:31
C0465,Zoya Sharma,zoya.sharma465@example.com,Kolkata,East,Home Office,2024-01-05,2026-07-21T13:08:31
C0466,Meera Mehta,meera.mehta466@example.com,Ahmedabad,West,Corporate,2025-12-06,2026-07-21T13:08:31
C0467,Aarav Saxena,aarav.saxena467@example.com,Chennai,South,Corporate,2024-05-01,2026-07-21T13:08:31
C0468,Saanvi Mehta,saanvi.mehta468@example.com,Bengaluru,South,Home Office,2025-03-11,2026-07-21T13:08:31
C0469,Ananya Jain,ananya.jain469@example.com,Bhopal,Central,Corporate,2024-05-12,2026-07-21T13:08:31
C0470,Yash Jain,yash.jain470@example.com,Delhi,North,Home Office,2025-11-12,2026-07-21T13:08:31
C0471,Zoya Sharma,zoya.sharma471@example.com,Ahmedabad,West,Corporate,2025-06-22,2026-07-21T13:08:31
C0472,Aditi Kapoor,aditi.kapoor472@example.com,Kolkata,East,Corporate,2025-08-10,2026-07-21T13:08:31
C0473,Aarav Patel,aarav.patel473@example.com,Pune,West,Consumer,2024-11-11,2026-07-21T13:08:31
C0474,Meera Verma,meera.verma474@example.com,Hyderabad,South,Home Office,2024-12-07,2026-07-21T13:08:31
C0475,Rahul Mehta,rahul.mehta475@example.com,Lucknow,North,Consumer,2025-04-08,2026-07-21T13:08:31
C0476,Zoya Patel,zoya.patel476@example.com,Hyderabad,South,Home Office,2025-07-26,2026-07-21T13:08:31
C0477,Tanvi Joshi,tanvi.joshi477@example.com,Mumbai,West,Home Office,2025-09-10,2026-07-21T13:08:31
C0478,Diya Verma,diya.verma478@example.com,Mumbai,West,Home Office,2024-01-14,2026-07-21T13:08:31
C0479,Aditi Singh,aditi.singh479@example.com,Kolkata,East,Consumer,2025-04-29,2026-07-21T13:08:31
C0480,Kavya Sharma,kavya.sharma480@example.com,Jaipur,North,Corporate,2024-03-20,2026-07-21T13:08:31
C0481,Yash Kapoor,yash.kapoor481@example.com,Pune,West,Home Office,2024-07-29,2026-07-21T13:08:31
C0482,Nikhil Sharma,nikhil.sharma482@example.com,Kolkata,East,Home Office,2025-08-28,2026-07-21T13:08:31
C0483,Priya Patel,priya.patel483@example.com,Bengaluru,South,Consumer,2024-07-01,2026-07-21T13:08:31
C0484,Rahul Singh,rahul.singh484@example.com,Bhopal,Central,Consumer,2025-08-04,2026-07-21T13:08:31
C0485,Saanvi Kapoor,saanvi.kapoor485@example.com,Hyderabad,South,Home Office,2024-12-03,2026-07-21T13:08:31
C0486,Rohan Patel,rohan.patel486@example.com,Kolkata,East,Consumer,2024-06-18,2026-07-21T13:08:31
C0487,Varun Patel,varun.patel487@example.com,Kolkata,East,Home Office,2024-08-31,2026-07-21T13:08:31
C0488,Ananya Kapoor,ananya.kapoor488@example.com,Pune,West,Consumer,2025-01-22,2026-07-21T13:08:31
C0489,Ishaan Jain,ishaan.jain489@example.com,Chennai,South,Corporate,2025-07-12,2026-07-21T13:08:31
C0490,Arjun Verma,arjun.verma490@example.com,Hyderabad,South,Corporate,2025-03-18,2026-07-21T13:08:31
C0491,Priya Singh,priya.singh491@example.com,Bhopal,Central,Corporate,2025-11-12,2026-07-21T13:08:31
C0492,Saanvi Mehta,saanvi.mehta492@example.com,Chandigarh,North,Home Office,2025-09-25,2026-07-21T13:08:31
C0493,Riya Joshi,riya.joshi493@example.com,Kolkata,East,Consumer,2025-07-03,2026-07-21T13:08:31
C0494,Riya Saxena,riya.saxena494@example.com,Lucknow,North,Corporate,2025-03-16,2026-07-21T13:08:31
C0495,Aditi Verma,aditi.verma495@example.com,Pune,West,Home Office,2024-07-30,2026-07-21T13:08:31
C0496,Rohan Patel,rohan.patel496@example.com,Bhopal,Central,Home Office,2024-10-28,2026-07-21T13:08:31
C0497,Ishaan Sharma,ishaan.sharma497@example.com,Lucknow,North,Consumer,2024-03-27,2026-07-21T13:08:31
C0498,Tanvi Sharma,tanvi.sharma498@example.com,Chandigarh,North,Consumer,2024-09-30,2026-07-21T13:08:31
C0499,Meera Patel,meera.patel499@example.com,Delhi,North,Corporate,2025-11-07,2026-07-21T13:08:31
C0500,Aditi Saxena,aditi.saxena500@example.com,Chennai,South,Consumer,2024-11-06,2026-07-21T13:08:31
